{
    "accuracy": 0.5007,
    "precision": 0.48624517374517373,
    "recall": 0.41299446607911455,
    "f1": 0.4466363737116258,
    "roc_auc": 0.4963436186768419
}