Model,best_params,accuracy,precision,recall,f1,roc_auc
LR,"{'C': 0.001, 'penalty': None}",0.5000888888888889,0.49885530883536144,0.42267260579064586,0.457145307195308,0.5006756403735327
Random Forest,"{'max_depth': 100, 'n_estimators': 100}",0.4982111111111111,0.4969716220053943,0.47734966592427625,0.48696044198483895,0.49709703875080874
GBoost,"{'learning_rate': 1, 'n_estimators': 100}",0.502588888888889,0.5015142092571943,0.4885300668151447,0.49489984379485963,0.5034256934602147
MLP,"{'alpha': 0.01, 'early_stopping': True, 'hidden_layer_sizes': [100, 10], 'learning_rate_init': 0.001}",0.4991555555555555,0.49809262031338086,0.6126057906458797,0.5355291737421181,0.5003196830601633
